Timestamp,Temperature (°C),Humidity (%),Pressure (Pa),Operating Hours,Device Status,Failure Mode,Issue Detected,Action Suggested,Response Time (ms),Last Maintenance
2/28/2024 8:50,25.71,43.6,101349,2634,Normal,None,None,None,365,18:29.2
9/13/2024 8:12,29.01,37.13,101494,2335,Slowdown,Latency Issue,Slow Response,Optimize Processing Capacity,695,18:29.2
8/31/2024 4:15,33.46,35.68,101254,3288,Fault,Sensor Malfunction,Signal Instability,Inspect or Recalibrate Sensor,1021,18:29.2
3/9/2024 0:37,33.37,33.91,101269,4885,Fault,Sensor Malfunction,Signal Instability,Inspect or Recalibrate Sensor,1213,18:29.2
6/21/2024 17:29,31.6,37.71,101356,4721,Slowdown,Minor Sensor Degradation,Reduced Sensitivity,Recalibrate Sensor,655,18:29.2
6/25/2024 9:21,30.05,35.26,101500,3443,Slowdown,Minor Sensor Degradation,Reduced Sensitivity,Recalibrate Sensor,537,18:29.2
4/29/2024 16:06,28.65,39.91,101418,2920,Normal,None,None,None,393,18:29.2
1/6/2024 12:12,37.24,36.09,101282,4144,Fault,Overheating,High Temperature Alert,Reduce Load or Improve Cooling,991,18:29.2
1/4/2024 19:50,28.69,40.33,101377,2998,Normal,None,None,None,303,18:29.2
3/10/2024 20:52,28.39,39,101412,3924,Slowdown,Minor Sensor Degradation,Reduced Sensitivity,Recalibrate Sensor,590,18:29.2
9/21/2024 11:24,35.13,39.4,101333,3146,Fault,Overheating,High Temperature Alert,Reduce Load or Improve Cooling,911,18:29.2
6/20/2024 7:56,31.76,34.73,101405,4235,Slowdown,Minor Sensor Degradation,Reduced Sensitivity,Recalibrate Sensor,617,18:29.2
8/19/2024 20:44,36.4,36.4,101350,3484,Fault,Mechanical Issue,Increased Vibrations,Check Mechanical Components,1047,18:29.2
1/6/2024 6:00,26.68,39.54,101500,2894,Normal,None,None,None,472,18:29.2
3/1/2024 10:45,29.82,43.48,101421,4573,Slowdown,Latency Issue,Slow Response,Optimize Processing Capacity,518,18:29.2
5/6/2024 6:34,26.11,40.29,101317,2152,Normal,None,None,None,290,18:29.2
1/10/2024 18:28,29.97,43.68,101334,1112,Normal,None,None,None,453,18:29.2
10/21/2024 8:10,32.5,36.02,101326,4306,Fault,Sensor Malfunction,Signal Instability,Inspect or Recalibrate Sensor,1072,18:29.2
5/1/2024 11:33,33.1,36.57,101398,2731,Slowdown,Minor Sensor Degradation,Reduced Sensitivity,Recalibrate Sensor,507,18:29.2
5/15/2024 11:17,31.29,36.86,101457,1630,Slowdown,Latency Issue,Slow Response,Optimize Processing Capacity,653,18:29.2
2/6/2024 2:08,38.58,37.69,101258,3066,Fault,Overheating,High Temperature Alert,Reduce Load or Improve Cooling,974,18:29.2
5/28/2024 6:28,29.63,36.73,101418,1948,Slowdown,Latency Issue,Slow Response,Optimize Processing Capacity,552,18:29.2
7/17/2024 8:17,30.84,34.01,101377,2751,Fault,Sensor Malfunction,Signal Instability,Inspect or Recalibrate Sensor,952,18:29.2
6/1/2024 18:22,35.41,37.29,101405,1074,Fault,Mechanical Issue,Increased Vibrations,Check Mechanical Components,946,18:29.2
9/6/2024 7:39,35.84,39.78,101364,4949,Fault,Overheating,High Temperature Alert,Reduce Load or Improve Cooling,1060,18:29.2
9/20/2024 8:50,28.42,40.76,101380,948,Normal,None,None,None,367,18:29.2
3/6/2024 9:06,31.18,35.89,101357,3729,Slowdown,Latency Issue,Slow Response,Optimize Processing Capacity,586,18:29.2
8/15/2024 9:36,31.71,36.99,101392,1698,Slowdown,Latency Issue,Slow Response,Optimize Processing Capacity,727,18:29.2
9/8/2024 20:35,32.4,38.52,101302,1006,Slowdown,Latency Issue,Slow Response,Optimize Processing Capacity,705,18:29.2
8/28/2024 16:14,30.09,35.97,101404,2036,Slowdown,Latency Issue,Slow Response,Optimize Processing Capacity,672,18:29.2
9/23/2024 6:11,32.57,37.91,101247,2144,Fault,Sensor Malfunction,Signal Instability,Inspect or Recalibrate Sensor,951,18:29.2
8/25/2024 15:25,27.13,44.6,101494,3152,Slowdown,Latency Issue,Slow Response,Optimize Processing Capacity,681,18:29.2
4/30/2024 8:23,29.18,36.55,101454,3055,Slowdown,Minor Sensor Degradation,Reduced Sensitivity,Recalibrate Sensor,747,18:29.2
7/23/2024 20:25,29.34,39.85,101380,4672,Slowdown,Latency Issue,Slow Response,Optimize Processing Capacity,560,18:29.2
9/13/2024 12:01,28.52,43.28,101357,834,Normal,None,None,None,356,18:29.2
7/29/2024 18:30,35.59,36.02,101356,1523,Fault,Mechanical Issue,Increased Vibrations,Check Mechanical Components,1085,18:29.2
1/6/2024 16:16,34.36,34.84,101342,2520,Fault,Sensor Malfunction,Signal Instability,Inspect or Recalibrate Sensor,1291,18:29.2
7/2/2024 7:16,38.41,39.55,101354,1534,Fault,Mechanical Issue,Increased Vibrations,Check Mechanical Components,1178,18:29.2
10/6/2024 8:50,32.27,33.21,101317,1758,Fault,Sensor Malfunction,Signal Instability,Inspect or Recalibrate Sensor,1002,18:29.2
10/7/2024 6:15,29.75,35.46,101452,1408,Slowdown,Latency Issue,Slow Response,Optimize Processing Capacity,683,18:29.2
5/2/2024 20:39,38.07,39.26,101372,2191,Fault,Overheating,High Temperature Alert,Reduce Load or Improve Cooling,1111,18:29.2
10/12/2024 0:39,28.67,42.86,101340,3660,Slowdown,Latency Issue,Slow Response,Optimize Processing Capacity,627,18:29.2
3/24/2024 19:08,31.79,36.6,101300,1235,Fault,Sensor Malfunction,Signal Instability,Inspect or Recalibrate Sensor,1258,18:29.2
8/8/2024 10:16,34.2,33.16,101379,3534,Slowdown,Minor Sensor Degradation,Reduced Sensitivity,Recalibrate Sensor,558,18:29.2
2/1/2024 7:35,36.57,36.09,101292,4874,Fault,Mechanical Issue,Increased Vibrations,Check Mechanical Components,1102,18:29.2
3/24/2024 5:50,33.85,33.32,101284,3963,Fault,Sensor Malfunction,Signal Instability,Inspect or Recalibrate Sensor,966,18:29.2
3/28/2024 13:36,31.65,39,101500,4735,Slowdown,Latency Issue,Slow Response,Optimize Processing Capacity,758,18:29.2
1/22/2024 21:34,34.15,36.82,101232,3324,Fault,Sensor Malfunction,Signal Instability,Inspect or Recalibrate Sensor,1149,18:29.2
4/24/2024 23:57,26.65,36.45,101325,1451,Normal,None,None,None,328,18:29.2
10/6/2024 6:23,34.33,35.93,101281,2768,Fault,Sensor Malfunction,Signal Instability,Inspect or Recalibrate Sensor,1082,18:29.2
6/2/2024 9:22,33.66,35.35,101247,2261,Fault,Sensor Malfunction,Signal Instability,Inspect or Recalibrate Sensor,1228,18:29.2
8/18/2024 7:45,32.9,35.87,101322,3988,Fault,Sensor Malfunction,Signal Instability,Inspect or Recalibrate Sensor,986,18:29.2
8/1/2024 9:53,28.68,36.47,101377,4442,Slowdown,Latency Issue,Slow Response,Optimize Processing Capacity,632,18:29.2
3/9/2024 9:56,28.13,40.73,101317,979,Normal,None,None,None,432,18:29.2
4/22/2024 4:36,26.48,36.27,101304,2516,Normal,None,None,None,302,18:29.2
8/6/2024 1:43,30.21,37.15,101330,4466,Fault,Sensor Malfunction,Signal Instability,Inspect or Recalibrate Sensor,999,18:29.2
6/24/2024 7:17,29.79,44.78,101439,4240,Slowdown,Minor Sensor Degradation,Reduced Sensitivity,Recalibrate Sensor,626,18:29.2
1/17/2024 10:08,36.72,35.04,101359,2248,Fault,Mechanical Issue,Increased Vibrations,Check Mechanical Components,1189,18:29.2
2/23/2024 4:21,27.49,37.28,101419,1679,Slowdown,Latency Issue,Slow Response,Optimize Processing Capacity,727,18:29.2
3/30/2024 0:00,32.67,37.73,101373,4176,Fault,Sensor Malfunction,Signal Instability,Inspect or Recalibrate Sensor,1163,18:29.2
4/12/2024 21:55,28.1,38.26,101368,922,Normal,None,None,None,313,18:29.2
5/9/2024 15:25,35.94,37.59,101317,4152,Fault,Mechanical Issue,Increased Vibrations,Check Mechanical Components,925,18:29.2
3/19/2024 19:08,35.05,36.06,101328,4988,Fault,Mechanical Issue,Increased Vibrations,Check Mechanical Components,985,18:29.2
5/24/2024 6:21,28.28,40.05,101362,4112,Slowdown,Minor Sensor Degradation,Reduced Sensitivity,Recalibrate Sensor,743,18:29.2
6/11/2024 12:24,29.54,35.43,101500,4865,Slowdown,Minor Sensor Degradation,Reduced Sensitivity,Recalibrate Sensor,611,18:29.2
6/29/2024 3:27,30.27,37.82,101311,2606,Slowdown,Latency Issue,Slow Response,Optimize Processing Capacity,752,18:29.2
7/29/2024 6:15,31.32,38.9,101353,2218,Slowdown,Latency Issue,Slow Response,Optimize Processing Capacity,701,18:29.2
5/7/2024 19:15,36.2,36.1,101367,3917,Fault,Overheating,High Temperature Alert,Reduce Load or Improve Cooling,1192,18:29.2
2/18/2024 1:20,31.72,35.87,101495,4067,Slowdown,Latency Issue,Slow Response,Optimize Processing Capacity,740,18:29.2
3/30/2024 18:20,30.07,39.08,101460,2256,Slowdown,Latency Issue,Slow Response,Optimize Processing Capacity,708,18:29.2
4/12/2024 14:03,32.6,37.13,101497,3824,Slowdown,Minor Sensor Degradation,Reduced Sensitivity,Recalibrate Sensor,775,18:29.2
1/9/2024 5:51,31.78,33.83,101463,3271,Slowdown,Minor Sensor Degradation,Reduced Sensitivity,Recalibrate Sensor,562,18:29.2
5/19/2024 11:52,31.5,35.53,101239,3798,Fault,Sensor Malfunction,Signal Instability,Inspect or Recalibrate Sensor,1251,18:29.2
8/10/2024 4:34,33.94,36.27,101464,4933,Slowdown,Latency Issue,Slow Response,Optimize Processing Capacity,754,18:29.2
8/20/2024 18:41,31.03,38.63,101327,3511,Slowdown,Latency Issue,Slow Response,Optimize Processing Capacity,501,18:29.2
5/5/2024 21:27,35.2,39.24,101257,4935,Fault,Mechanical Issue,Increased Vibrations,Check Mechanical Components,1048,18:29.2
7/3/2024 3:04,28.62,40.08,101488,1709,Normal,None,None,None,365,18:29.2
2/17/2024 13:18,26.54,40.09,101342,2792,Normal,None,None,None,271,18:29.2
3/2/2024 14:40,36.46,36.79,101268,4027,Fault,Overheating,High Temperature Alert,Reduce Load or Improve Cooling,1133,18:29.2
11/5/2024 16:27,34.39,35.51,101230,4197,Fault,Sensor Malfunction,Signal Instability,Inspect or Recalibrate Sensor,1181,18:29.2
3/14/2024 10:09,29.97,35.2,101461,4439,Slowdown,Latency Issue,Slow Response,Optimize Processing Capacity,628,18:29.2
2/3/2024 6:45,34,34.01,101368,4451,Fault,Sensor Malfunction,Signal Instability,Inspect or Recalibrate Sensor,1152,18:29.2
5/1/2024 13:04,34.74,33.93,101340,1419,Fault,Sensor Malfunction,Signal Instability,Inspect or Recalibrate Sensor,1225,18:29.2
5/5/2024 17:23,33.05,38.32,101403,2634,Slowdown,Minor Sensor Degradation,Reduced Sensitivity,Recalibrate Sensor,771,18:29.2
4/1/2024 8:49,28.19,39.56,101481,1879,Normal,None,None,None,272,18:29.2
3/24/2024 7:07,33.92,33.19,101393,4358,Fault,Sensor Malfunction,Signal Instability,Inspect or Recalibrate Sensor,1196,18:29.2
8/4/2024 1:04,32.67,34.45,101446,2348,Slowdown,Latency Issue,Slow Response,Optimize Processing Capacity,506,18:29.2
4/22/2024 16:13,32.25,33.99,101264,2275,Fault,Sensor Malfunction,Signal Instability,Inspect or Recalibrate Sensor,1156,18:29.2
2/28/2024 14:02,34.81,36.36,101293,3977,Fault,Sensor Malfunction,Signal Instability,Inspect or Recalibrate Sensor,1113,18:29.2
6/11/2024 7:03,34.81,34.19,101299,1575,Fault,Sensor Malfunction,Signal Instability,Inspect or Recalibrate Sensor,1094,18:29.2
3/1/2024 11:01,34.79,33.64,101251,1357,Fault,Sensor Malfunction,Signal Instability,Inspect or Recalibrate Sensor,971,18:29.2
6/3/2024 21:19,29.76,44.61,101473,2464,Slowdown,Latency Issue,Slow Response,Optimize Processing Capacity,722,18:29.2
5/19/2024 7:18,37.7,39.88,101403,3271,Fault,Overheating,High Temperature Alert,Reduce Load or Improve Cooling,959,18:29.2
3/14/2024 17:43,25.89,39.22,101335,2263,Normal,None,None,None,284,18:29.2
9/22/2024 15:14,28.94,42.91,101489,1229,Normal,None,None,None,440,18:29.2
5/19/2024 20:31,33.26,38.23,101384,2849,Slowdown,Latency Issue,Slow Response,Optimize Processing Capacity,705,18:29.2
3/28/2024 6:17,26.01,43.43,101387,1101,Normal,None,None,None,376,18:29.2
8/1/2024 19:19,32.36,38.61,101451,2012,Slowdown,Minor Sensor Degradation,Reduced Sensitivity,Recalibrate Sensor,626,18:29.2
2/9/2024 8:26,29.38,35.73,101343,1995,Normal,None,None,None,288,18:29.2
9/19/2024 10:42,31.83,39.92,101436,1215,Slowdown,Latency Issue,Slow Response,Optimize Processing Capacity,618,18:29.2
7/26/2024 13:05,34,37.18,101371,1993,Fault,Sensor Malfunction,Signal Instability,Inspect or Recalibrate Sensor,1113,18:29.2
1/1/2024 0:35,35.07,34.83,101354,1931,Fault,Mechanical Issue,Increased Vibrations,Check Mechanical Components,912,18:29.2
5/30/2024 11:14,32.52,35.1,101342,2967,Slowdown,Minor Sensor Degradation,Reduced Sensitivity,Recalibrate Sensor,540,18:29.2
2/13/2024 22:32,33.28,36.52,101337,4143,Fault,Sensor Malfunction,Signal Instability,Inspect or Recalibrate Sensor,1136,18:29.2
5/27/2024 8:52,32.01,35.09,101323,840,Fault,Sensor Malfunction,Signal Instability,Inspect or Recalibrate Sensor,966,18:29.2
8/13/2024 9:34,32.8,34.22,101446,4817,Slowdown,Minor Sensor Degradation,Reduced Sensitivity,Recalibrate Sensor,647,18:29.2
3/15/2024 22:19,36.53,34.36,101408,2027,Fault,Mechanical Issue,Increased Vibrations,Check Mechanical Components,879,18:29.2
6/26/2024 5:18,33.69,33.71,101300,2586,Slowdown,Minor Sensor Degradation,Reduced Sensitivity,Recalibrate Sensor,706,18:29.2
5/21/2024 23:04,29.62,40.95,101444,2862,Normal,None,None,None,359,18:29.2
9/7/2024 21:14,27.23,42.17,101410,2893,Normal,None,None,None,274,18:29.2
8/31/2024 6:56,30.99,33.54,101257,4278,Fault,Sensor Malfunction,Signal Instability,Inspect or Recalibrate Sensor,1160,18:29.2
11/3/2024 11:10,36.54,37.67,101298,4159,Fault,Mechanical Issue,Increased Vibrations,Check Mechanical Components,971,18:29.2
8/20/2024 10:20,31.4,34.74,101339,4807,Fault,Sensor Malfunction,Signal Instability,Inspect or Recalibrate Sensor,1190,18:29.2
1/5/2024 7:42,30.96,37.05,101394,2463,Slowdown,Latency Issue,Slow Response,Optimize Processing Capacity,533,18:29.2
10/28/2024 17:46,38.72,35.08,101293,4635,Fault,Mechanical Issue,Increased Vibrations,Check Mechanical Components,928,18:29.2
2/12/2024 21:50,32.79,33.83,101412,4691,Slowdown,Latency Issue,Slow Response,Optimize Processing Capacity,575,18:29.2
2/3/2024 8:44,27.38,44.65,101311,1157,Normal,None,None,None,447,18:29.2
2/1/2024 20:52,27.62,41.17,101463,3871,Slowdown,Minor Sensor Degradation,Reduced Sensitivity,Recalibrate Sensor,790,18:29.2
6/24/2024 8:49,32.92,38.19,101436,4742,Slowdown,Latency Issue,Slow Response,Optimize Processing Capacity,555,18:29.2
10/12/2024 11:33,33.65,34.77,101225,3151,Fault,Sensor Malfunction,Signal Instability,Inspect or Recalibrate Sensor,1040,18:29.2
4/10/2024 8:16,28.42,38.99,101456,998,Slowdown,Latency Issue,Slow Response,Optimize Processing Capacity,717,18:29.2
2/22/2024 15:44,27.51,42.7,101343,1798,Normal,None,None,None,247,18:29.2
6/11/2024 7:14,27.54,43.83,101361,2221,Normal,None,None,None,219,18:29.2
9/22/2024 7:12,35.07,34.08,101343,2432,Fault,Overheating,High Temperature Alert,Reduce Load or Improve Cooling,1117,18:29.2
1/23/2024 16:42,29.87,41.85,101374,1891,Normal,None,None,None,332,18:29.2
5/9/2024 15:21,37.37,39.02,101273,4178,Fault,Mechanical Issue,Increased Vibrations,Check Mechanical Components,1049,18:29.2
1/13/2024 19:12,32.21,39.98,101428,3885,Slowdown,Minor Sensor Degradation,Reduced Sensitivity,Recalibrate Sensor,671,18:29.2
6/4/2024 6:31,25.97,44.52,101478,1392,Normal,None,None,None,249,18:29.2
2/26/2024 8:47,28.97,42.44,101417,4704,Slowdown,Minor Sensor Degradation,Reduced Sensitivity,Recalibrate Sensor,743,18:29.2
3/16/2024 22:44,34.71,35.97,101209,4976,Fault,Sensor Malfunction,Signal Instability,Inspect or Recalibrate Sensor,1072,18:29.2
5/2/2024 16:57,29.95,35.67,101487,1568,Normal,None,None,None,289,18:29.2
1/30/2024 0:14,29.34,36.14,101327,3074,Slowdown,Latency Issue,Slow Response,Optimize Processing Capacity,623,18:29.2
6/19/2024 2:39,31.5,35.66,101314,2693,Fault,Sensor Malfunction,Signal Instability,Inspect or Recalibrate Sensor,1230,18:29.2
7/16/2024 10:50,33.11,38.99,101397,2747,Slowdown,Minor Sensor Degradation,Reduced Sensitivity,Recalibrate Sensor,628,18:29.2
8/13/2024 15:26,33.22,33.73,101470,4983,Slowdown,Minor Sensor Degradation,Reduced Sensitivity,Recalibrate Sensor,524,18:29.2
8/12/2024 11:34,38.55,35.6,101247,946,Fault,Mechanical Issue,Increased Vibrations,Check Mechanical Components,891,18:29.3
10/26/2024 5:03,29.86,43.83,101433,4229,Slowdown,Minor Sensor Degradation,Reduced Sensitivity,Recalibrate Sensor,667,18:29.3
7/16/2024 4:35,29.09,38.21,101353,1602,Normal,None,None,None,296,18:29.3
11/2/2024 14:52,32.03,35.59,101438,2179,Slowdown,Minor Sensor Degradation,Reduced Sensitivity,Recalibrate Sensor,742,18:29.3
9/4/2024 1:23,32.72,38.85,101419,4472,Slowdown,Minor Sensor Degradation,Reduced Sensitivity,Recalibrate Sensor,645,18:29.3
5/28/2024 11:59,26.3,38.55,101377,1468,Normal,None,None,None,281,18:29.3
11/3/2024 3:09,28.77,39.98,101330,3450,Slowdown,Minor Sensor Degradation,Reduced Sensitivity,Recalibrate Sensor,581,18:29.3
6/19/2024 0:19,33.01,38.66,101386,2354,Slowdown,Minor Sensor Degradation,Reduced Sensitivity,Recalibrate Sensor,793,18:29.3
11/3/2024 22:19,37.12,38.19,101287,3235,Fault,Overheating,High Temperature Alert,Reduce Load or Improve Cooling,1054,18:29.3
4/30/2024 16:02,31.17,36.19,101368,4853,Slowdown,Minor Sensor Degradation,Reduced Sensitivity,Recalibrate Sensor,725,18:29.3
2/1/2024 14:54,32.69,36.79,101425,2158,Slowdown,Minor Sensor Degradation,Reduced Sensitivity,Recalibrate Sensor,739,18:29.3
10/10/2024 19:46,27.67,35.17,101485,4876,Slowdown,Latency Issue,Slow Response,Optimize Processing Capacity,685,18:29.3
9/16/2024 16:41,28.84,39.99,101326,3335,Slowdown,Latency Issue,Slow Response,Optimize Processing Capacity,531,18:29.3
8/1/2024 22:43,26.37,41.81,101411,1905,Normal,None,None,None,467,18:29.3
3/4/2024 14:56,28.67,36.96,101337,1808,Normal,None,None,None,229,18:29.3
9/22/2024 20:32,28.54,40.17,101318,1573,Slowdown,Latency Issue,Slow Response,Optimize Processing Capacity,734,18:29.3
7/20/2024 12:18,35.85,33.74,101287,1624,Fault,Mechanical Issue,Increased Vibrations,Check Mechanical Components,1004,18:29.3
8/11/2024 11:38,32.98,36.11,101328,2366,Fault,Sensor Malfunction,Signal Instability,Inspect or Recalibrate Sensor,931,18:29.3
7/3/2024 5:58,26.75,42.48,101365,2333,Normal,None,None,None,470,18:29.3
9/25/2024 8:39,34.68,37.98,101394,4429,Fault,Sensor Malfunction,Signal Instability,Inspect or Recalibrate Sensor,1173,18:29.3
9/30/2024 2:28,30.74,37.26,101399,2743,Slowdown,Latency Issue,Slow Response,Optimize Processing Capacity,669,18:29.3
8/21/2024 19:33,36.76,38.99,101215,4310,Fault,Overheating,High Temperature Alert,Reduce Load or Improve Cooling,1061,18:29.3
8/10/2024 19:33,25.35,43,101459,854,Normal,None,None,None,236,18:29.3
1/26/2024 11:57,28.96,35.44,101486,3161,Slowdown,Minor Sensor Degradation,Reduced Sensitivity,Recalibrate Sensor,521,18:29.3
9/8/2024 11:49,29.06,39.7,101421,1540,Normal,None,None,None,292,18:29.3
9/14/2024 22:13,34.7,33.5,101289,3977,Fault,Sensor Malfunction,Signal Instability,Inspect or Recalibrate Sensor,1248,18:29.3
4/21/2024 9:30,31.34,35.74,101333,1220,Slowdown,Minor Sensor Degradation,Reduced Sensitivity,Recalibrate Sensor,687,18:29.3
1/25/2024 19:31,32.75,39.38,101448,2808,Slowdown,Latency Issue,Slow Response,Optimize Processing Capacity,731,18:29.3
1/23/2024 4:38,31.43,33.9,101488,2033,Slowdown,Minor Sensor Degradation,Reduced Sensitivity,Recalibrate Sensor,508,18:29.3
2/27/2024 6:13,31.08,38.94,101395,4664,Slowdown,Minor Sensor Degradation,Reduced Sensitivity,Recalibrate Sensor,675,18:29.3
10/25/2024 16:34,31.63,37.93,101363,1022,Fault,Sensor Malfunction,Signal Instability,Inspect or Recalibrate Sensor,1294,18:29.3
4/5/2024 20:14,33.91,37.08,101379,2913,Slowdown,Latency Issue,Slow Response,Optimize Processing Capacity,739,18:29.3
8/21/2024 11:55,34.21,37.22,101459,2948,Slowdown,Minor Sensor Degradation,Reduced Sensitivity,Recalibrate Sensor,719,18:29.3
2/15/2024 14:43,32.39,36.63,101321,2754,Fault,Sensor Malfunction,Signal Instability,Inspect or Recalibrate Sensor,1285,18:29.3
2/28/2024 17:03,31.78,38.99,101382,3495,Slowdown,Minor Sensor Degradation,Reduced Sensitivity,Recalibrate Sensor,711,18:29.3
6/6/2024 23:30,33.13,37.14,101399,899,Fault,Sensor Malfunction,Signal Instability,Inspect or Recalibrate Sensor,1111,18:29.3
10/5/2024 11:16,27.81,39.01,101311,1585,Slowdown,Minor Sensor Degradation,Reduced Sensitivity,Recalibrate Sensor,635,18:29.3
7/7/2024 5:30,34.04,36.77,101397,3458,Slowdown,Latency Issue,Slow Response,Optimize Processing Capacity,655,18:29.3
10/7/2024 22:10,32.38,37.48,101418,4044,Slowdown,Latency Issue,Slow Response,Optimize Processing Capacity,615,18:29.3
5/28/2024 0:37,31.51,34.38,101288,2766,Fault,Sensor Malfunction,Signal Instability,Inspect or Recalibrate Sensor,1171,18:29.3
8/18/2024 13:30,29.43,42.89,101493,3514,Slowdown,Minor Sensor Degradation,Reduced Sensitivity,Recalibrate Sensor,522,18:29.3
5/10/2024 19:56,30.03,33.86,101305,2232,Slowdown,Latency Issue,Slow Response,Optimize Processing Capacity,684,18:29.3
6/13/2024 11:18,32.79,37.55,101362,3101,Fault,Sensor Malfunction,Signal Instability,Inspect or Recalibrate Sensor,1214,18:29.3
4/4/2024 1:12,26.36,40.2,101316,1704,Normal,None,None,None,492,18:29.3
5/30/2024 0:27,37.32,39.7,101282,4579,Fault,Mechanical Issue,Increased Vibrations,Check Mechanical Components,1157,18:29.3
7/3/2024 22:48,34.78,35.31,101274,4390,Fault,Sensor Malfunction,Signal Instability,Inspect or Recalibrate Sensor,1296,18:29.3
9/27/2024 16:30,29.41,43.09,101403,1171,Slowdown,Latency Issue,Slow Response,Optimize Processing Capacity,765,18:29.3
4/12/2024 0:43,32.62,35.91,101313,2415,Slowdown,Latency Issue,Slow Response,Optimize Processing Capacity,649,18:29.3
7/17/2024 17:26,29.47,39.05,101394,1615,Normal,None,None,None,395,18:29.3
6/2/2024 8:41,33.92,39.96,101424,4825,Fault,Connection Issue,Network Instability,Check Network Connections,707,18:29.3
9/28/2024 19:29,26.37,44.43,101492,2594,Normal,None,None,None,203,18:29.3
9/12/2024 10:33,30.27,38.08,101339,3730,Slowdown,Minor Sensor Degradation,Reduced Sensitivity,Recalibrate Sensor,627,18:29.3
10/6/2024 20:48,25.8,43.02,101410,1594,Normal,None,None,None,320,18:29.3
11/6/2024 8:22,26.63,43.43,101430,2321,Normal,None,None,None,208,18:29.3
11/11/2024 14:08,37.8,35.92,101241,4522,Fault,Overheating,High Temperature Alert,Reduce Load or Improve Cooling,862,18:29.3
2/15/2024 20:13,29.7,43.69,101313,1711,Slowdown,Minor Sensor Degradation,Reduced Sensitivity,Recalibrate Sensor,582,18:29.3
7/2/2024 18:06,34.54,37.68,101270,3720,Fault,Sensor Malfunction,Signal Instability,Inspect or Recalibrate Sensor,1118,18:29.3
6/6/2024 7:54,35.84,38.16,101310,1289,Fault,Overheating,High Temperature Alert,Reduce Load or Improve Cooling,934,18:29.3
6/24/2024 19:30,28.07,35.41,101363,4245,Slowdown,Latency Issue,Slow Response,Optimize Processing Capacity,676,18:29.3
5/28/2024 1:41,26.4,40.02,101453,1092,Normal,None,None,None,245,18:29.3
9/26/2024 1:51,32.93,34.48,101384,3554,Fault,Sensor Malfunction,Signal Instability,Inspect or Recalibrate Sensor,1038,18:29.3
4/16/2024 9:45,31.03,35.57,101422,3514,Slowdown,Latency Issue,Slow Response,Optimize Processing Capacity,538,18:29.3
5/5/2024 15:58,32.32,33.01,101352,3496,Slowdown,Minor Sensor Degradation,Reduced Sensitivity,Recalibrate Sensor,773,18:29.3
4/23/2024 0:28,27.74,38.62,101354,1374,Normal,None,None,None,215,18:29.3
8/21/2024 9:10,37.45,35.63,101370,3128,Fault,Overheating,High Temperature Alert,Reduce Load or Improve Cooling,1102,18:29.3
4/14/2024 15:11,35.72,36.21,101412,3577,Fault,Overheating,High Temperature Alert,Reduce Load or Improve Cooling,1084,18:29.3
4/8/2024 18:33,30.06,37.61,101362,3564,Slowdown,Minor Sensor Degradation,Reduced Sensitivity,Recalibrate Sensor,595,18:29.3
7/6/2024 15:56,37.59,35.53,101381,3185,Fault,Mechanical Issue,Increased Vibrations,Check Mechanical Components,1199,18:29.3
9/23/2024 19:20,30.85,36.45,101419,1250,Slowdown,Minor Sensor Degradation,Reduced Sensitivity,Recalibrate Sensor,751,18:29.3
2/23/2024 22:41,29.54,40.51,101425,2579,Slowdown,Latency Issue,Slow Response,Optimize Processing Capacity,741,18:29.3
5/14/2024 12:58,30.91,35.26,101455,2427,Slowdown,Minor Sensor Degradation,Reduced Sensitivity,Recalibrate Sensor,705,18:29.3
8/29/2024 15:53,31.52,37.5,101475,3471,Slowdown,Latency Issue,Slow Response,Optimize Processing Capacity,771,18:29.3
1/7/2024 7:41,33.37,33.61,101211,2608,Fault,Sensor Malfunction,Signal Instability,Inspect or Recalibrate Sensor,1248,18:29.3
9/8/2024 5:22,31.81,33.4,101455,4622,Slowdown,Latency Issue,Slow Response,Optimize Processing Capacity,718,18:29.3
6/30/2024 6:15,35.15,37.95,101226,4125,Fault,Overheating,High Temperature Alert,Reduce Load or Improve Cooling,816,18:29.3
5/11/2024 16:33,34.58,38.55,101352,4414,Fault,Connection Issue,Network Instability,Check Network Connections,767,18:29.3
5/9/2024 7:29,33.95,39.82,101436,1300,Slowdown,Latency Issue,Slow Response,Optimize Processing Capacity,734,18:29.3
5/17/2024 23:39,31.99,39.97,101478,3635,Slowdown,Minor Sensor Degradation,Reduced Sensitivity,Recalibrate Sensor,574,18:29.3
6/10/2024 19:07,27.47,35.82,101471,1545,Normal,None,None,None,325,18:29.3
9/15/2024 6:45,28.11,42.21,101489,1408,Normal,None,None,None,366,18:29.3
5/14/2024 22:54,30.49,39.99,101276,4307,Fault,Connection Issue,Network Instability,Check Network Connections,765,18:29.3
2/15/2024 6:20,34.71,38.15,101253,2837,Fault,Connection Issue,Network Instability,Check Network Connections,745,18:29.3
1/8/2024 1:07,25.59,36.15,101381,1455,Normal,None,None,None,302,18:29.3
6/8/2024 23:10,29.29,36.06,101422,4177,Slowdown,Minor Sensor Degradation,Reduced Sensitivity,Recalibrate Sensor,557,18:29.3
8/11/2024 10:59,34.26,35.88,101398,4009,Slowdown,Latency Issue,Slow Response,Optimize Processing Capacity,743,18:29.3
3/15/2024 2:04,31.82,35.09,101415,3093,Slowdown,Minor Sensor Degradation,Reduced Sensitivity,Recalibrate Sensor,673,18:29.3
1/17/2024 22:22,39.7,39.35,101277,1885,Fault,Mechanical Issue,Increased Vibrations,Check Mechanical Components,1197,18:29.3
3/1/2024 11:40,31.73,36.4,101365,4777,Slowdown,Latency Issue,Slow Response,Optimize Processing Capacity,585,18:29.3
3/22/2024 0:21,25.52,35.92,101462,2609,Normal,None,None,None,437,18:29.3
9/4/2024 6:40,26.91,39.46,101324,864,Normal,None,None,None,288,18:29.3
9/12/2024 17:00,34.57,34.29,101313,845,Fault,Sensor Malfunction,Signal Instability,Inspect or Recalibrate Sensor,1047,18:29.3
6/29/2024 10:04,36.93,33.82,101270,3626,Fault,Mechanical Issue,Increased Vibrations,Check Mechanical Components,1115,18:29.3
8/18/2024 18:11,33.76,37.72,101354,4293,Slowdown,Minor Sensor Degradation,Reduced Sensitivity,Recalibrate Sensor,513,18:29.3
3/18/2024 4:26,26.28,40.23,101494,2287,Normal,None,None,None,486,18:29.3
8/20/2024 13:57,34.38,37.91,101434,2679,Fault,Sensor Malfunction,Signal Instability,Inspect or Recalibrate Sensor,1283,18:29.3
7/24/2024 3:10,30.42,36.25,101348,1229,Slowdown,Minor Sensor Degradation,Reduced Sensitivity,Recalibrate Sensor,519,18:29.3
7/30/2024 16:58,32.12,35.72,101369,4245,Slowdown,Minor Sensor Degradation,Reduced Sensitivity,Recalibrate Sensor,728,18:29.3
3/27/2024 23:44,32.41,34.05,101288,1134,Fault,Sensor Malfunction,Signal Instability,Inspect or Recalibrate Sensor,950,18:29.3
9/5/2024 12:39,27.96,41.2,101392,1447,Normal,None,None,None,340,18:29.3
3/16/2024 2:39,38.7,38.82,101279,3929,Fault,Mechanical Issue,Increased Vibrations,Check Mechanical Components,1080,18:29.3
9/29/2024 10:31,33.91,35.44,101305,3119,Fault,Sensor Malfunction,Signal Instability,Inspect or Recalibrate Sensor,1297,18:29.3
7/16/2024 10:02,28.64,37.88,101401,1689,Slowdown,Minor Sensor Degradation,Reduced Sensitivity,Recalibrate Sensor,529,18:29.3
6/22/2024 17:57,30.06,33.06,101431,2277,Slowdown,Minor Sensor Degradation,Reduced Sensitivity,Recalibrate Sensor,611,18:29.3
3/8/2024 13:44,32.44,39.59,101489,1534,Slowdown,Latency Issue,Slow Response,Optimize Processing Capacity,658,18:29.3
3/11/2024 0:58,26.12,39.01,101474,1270,Normal,None,None,None,340,18:29.3
3/9/2024 9:23,36.73,39.61,101361,1456,Fault,Overheating,High Temperature Alert,Reduce Load or Improve Cooling,1171,18:29.3
7/18/2024 13:02,37.97,36.81,101410,3450,Fault,Mechanical Issue,Increased Vibrations,Check Mechanical Components,1014,18:29.3
7/21/2024 12:36,29.98,35.59,101435,1228,Normal,None,None,None,457,18:29.3
8/11/2024 13:10,30.54,39.72,101485,3384,Slowdown,Latency Issue,Slow Response,Optimize Processing Capacity,634,18:29.3
4/22/2024 12:00,29.01,36.98,101418,3966,Slowdown,Minor Sensor Degradation,Reduced Sensitivity,Recalibrate Sensor,728,18:29.3
2/21/2024 16:51,33.3,37.33,101241,3906,Fault,Sensor Malfunction,Signal Instability,Inspect or Recalibrate Sensor,1171,18:29.3
7/31/2024 17:55,28.62,42.26,101487,896,Normal,None,None,None,438,18:29.3
9/25/2024 6:01,29.95,40.4,101410,3156,Slowdown,Latency Issue,Slow Response,Optimize Processing Capacity,578,18:29.3
1/5/2024 8:54,26.57,36.82,101305,2460,Normal,None,None,None,347,18:29.3
6/7/2024 15:24,34.62,33.37,101325,1032,Fault,Sensor Malfunction,Signal Instability,Inspect or Recalibrate Sensor,1111,18:29.3
10/17/2024 15:23,29.99,35.65,101344,3567,Slowdown,Minor Sensor Degradation,Reduced Sensitivity,Recalibrate Sensor,773,18:29.3
6/6/2024 11:43,29.08,36.65,101330,4412,Slowdown,Latency Issue,Slow Response,Optimize Processing Capacity,517,18:29.3
11/9/2024 10:51,31.69,33.41,101310,1943,Slowdown,Latency Issue,Slow Response,Optimize Processing Capacity,773,18:29.3
9/19/2024 20:08,28.59,35.8,101446,893,Slowdown,Minor Sensor Degradation,Reduced Sensitivity,Recalibrate Sensor,674,18:29.3
3/27/2024 14:25,25.91,42.54,101320,1367,Normal,None,None,None,423,18:29.3
7/16/2024 21:32,32.38,34.3,101334,4027,Fault,Sensor Malfunction,Signal Instability,Inspect or Recalibrate Sensor,1216,18:29.3
2/12/2024 7:26,33.07,35.77,101264,1717,Fault,Sensor Malfunction,Signal Instability,Inspect or Recalibrate Sensor,1135,18:29.3
10/3/2024 10:46,26.85,37.26,101322,1619,Normal,None,None,None,297,18:29.3
1/10/2024 2:49,28.83,41.15,101384,2117,Slowdown,Latency Issue,Slow Response,Optimize Processing Capacity,589,18:29.3
4/7/2024 11:17,30.48,39.31,101467,807,Slowdown,Minor Sensor Degradation,Reduced Sensitivity,Recalibrate Sensor,698,18:29.3
5/11/2024 2:18,37.89,39.81,101367,3554,Fault,Overheating,High Temperature Alert,Reduce Load or Improve Cooling,983,18:29.3
6/28/2024 0:49,34.73,36.72,101311,1796,Fault,Sensor Malfunction,Signal Instability,Inspect or Recalibrate Sensor,1200,18:29.3
9/19/2024 7:42,30.18,36.15,101400,1514,Slowdown,Latency Issue,Slow Response,Optimize Processing Capacity,685,18:29.3
5/15/2024 15:39,33.17,38.98,101453,4073,Slowdown,Minor Sensor Degradation,Reduced Sensitivity,Recalibrate Sensor,677,18:29.3
3/29/2024 19:29,37.03,39.6,101375,4001,Fault,Mechanical Issue,Increased Vibrations,Check Mechanical Components,1165,18:29.3
5/21/2024 14:38,28.9,39.51,101467,1037,Normal,None,None,None,353,18:29.3
7/1/2024 15:05,27.92,39.95,101436,4574,Slowdown,Latency Issue,Slow Response,Optimize Processing Capacity,753,18:29.3
6/17/2024 22:26,29.95,43.46,101455,1350,Normal,None,None,None,249,18:29.3
8/28/2024 5:57,33.6,37.22,101338,2617,Slowdown,Latency Issue,Slow Response,Optimize Processing Capacity,787,18:29.3
3/10/2024 19:19,27.09,39.98,101301,1279,Normal,None,None,None,299,18:29.3
8/27/2024 13:36,28.93,41.34,101438,1644,Normal,None,None,None,255,18:29.3
4/12/2024 8:06,35.63,34.96,101323,3951,Fault,Overheating,High Temperature Alert,Reduce Load or Improve Cooling,991,18:29.3
3/4/2024 3:45,27.86,35.69,101370,2119,Normal,None,None,None,391,18:29.3
2/21/2024 3:54,37.09,38.47,101425,4824,Fault,Overheating,High Temperature Alert,Reduce Load or Improve Cooling,1179,18:29.3
10/16/2024 22:14,28.93,44.49,101417,2232,Normal,None,None,None,381,18:29.3
9/29/2024 18:14,37.98,37.83,101377,3242,Fault,Mechanical Issue,Increased Vibrations,Check Mechanical Components,1173,18:29.3
2/12/2024 18:05,33.59,39.45,101348,2053,Fault,Connection Issue,Network Instability,Check Network Connections,808,18:29.3
9/9/2024 9:29,30.55,34.72,101418,3065,Slowdown,Minor Sensor Degradation,Reduced Sensitivity,Recalibrate Sensor,794,18:29.3
10/18/2024 11:16,26.99,41.1,101324,1744,Normal,None,None,None,417,18:29.3
6/13/2024 12:28,28.62,39.84,101353,2670,Normal,None,None,None,351,18:29.3
8/19/2024 6:18,33.49,33.22,101472,4045,Slowdown,Latency Issue,Slow Response,Optimize Processing Capacity,649,18:29.3
10/2/2024 7:19,33.56,38.64,101404,3782,Fault,Mechanical Fault,Unusual Noise Detected,Inspect Device Internals,730,18:29.3
4/18/2024 14:21,34.59,38.07,101249,4097,Fault,Mechanical Fault,Unusual Noise Detected,Inspect Device Internals,717,18:29.3
4/28/2024 9:41,33.78,37.56,101420,3596,Fault,Sensor Malfunction,Signal Instability,Inspect or Recalibrate Sensor,1238,18:29.3
4/21/2024 4:10,34.33,33.33,101310,1657,Fault,Sensor Malfunction,Signal Instability,Inspect or Recalibrate Sensor,1063,18:29.3
6/7/2024 0:40,33.92,36.26,101412,2344,Slowdown,Minor Sensor Degradation,Reduced Sensitivity,Recalibrate Sensor,756,18:29.3
5/4/2024 20:17,34.47,35.9,101422,3474,Slowdown,Minor Sensor Degradation,Reduced Sensitivity,Recalibrate Sensor,641,18:29.3
6/28/2024 14:12,31.45,38.62,101411,1958,Slowdown,Minor Sensor Degradation,Reduced Sensitivity,Recalibrate Sensor,737,18:29.3
10/7/2024 21:31,29.69,35.06,101489,2207,Slowdown,Minor Sensor Degradation,Reduced Sensitivity,Recalibrate Sensor,563,18:29.3
4/9/2024 13:46,27.68,44.03,101408,2988,Normal,None,None,None,254,18:29.3
3/10/2024 3:02,33.73,35.8,101228,4926,Fault,Sensor Malfunction,Signal Instability,Inspect or Recalibrate Sensor,928,18:29.3
9/22/2024 11:38,38.34,35.91,101327,3936,Fault,Overheating,High Temperature Alert,Reduce Load or Improve Cooling,1028,18:29.3
2/29/2024 3:07,35.54,36.33,101262,4510,Fault,Mechanical Issue,Increased Vibrations,Check Mechanical Components,981,18:29.3
11/10/2024 8:37,36.53,38.36,101314,1352,Fault,Mechanical Issue,Increased Vibrations,Check Mechanical Components,990,18:29.3
9/29/2024 17:57,35.31,35.8,101360,4039,Fault,Overheating,High Temperature Alert,Reduce Load or Improve Cooling,834,18:29.3
1/2/2024 20:41,31.04,36.39,101382,2107,Slowdown,Minor Sensor Degradation,Reduced Sensitivity,Recalibrate Sensor,609,18:29.3
9/13/2024 5:35,33.8,39.16,101368,4247,Slowdown,Latency Issue,Slow Response,Optimize Processing Capacity,525,18:29.3
2/17/2024 9:06,32.4,35.98,101350,3412,Slowdown,Minor Sensor Degradation,Reduced Sensitivity,Recalibrate Sensor,707,18:29.3
11/5/2024 5:15,36.16,37.08,101292,4905,Fault,Overheating,High Temperature Alert,Reduce Load or Improve Cooling,1116,18:29.3
10/23/2024 0:48,27.26,35.3,101401,4995,Slowdown,Minor Sensor Degradation,Reduced Sensitivity,Recalibrate Sensor,571,18:29.3
5/31/2024 19:53,29.28,42.24,101398,2455,Slowdown,Latency Issue,Slow Response,Optimize Processing Capacity,724,18:29.3
10/4/2024 16:10,26.11,42.55,101440,2395,Normal,None,None,None,345,18:29.3
5/10/2024 7:15,29.75,43.56,101314,2717,Normal,None,None,None,459,18:29.3
3/11/2024 4:09,35.5,39.89,101317,3899,Fault,Overheating,High Temperature Alert,Reduce Load or Improve Cooling,1036,18:29.3
4/21/2024 7:40,29.62,37.08,101332,2257,Slowdown,Latency Issue,Slow Response,Optimize Processing Capacity,610,18:29.3
1/31/2024 1:31,36.45,37.83,101358,1933,Fault,Overheating,High Temperature Alert,Reduce Load or Improve Cooling,965,18:29.3
11/8/2024 19:06,31.18,34.28,101330,4468,Slowdown,Minor Sensor Degradation,Reduced Sensitivity,Recalibrate Sensor,527,18:29.3
4/22/2024 23:57,33.07,35.09,101389,4911,Fault,Sensor Malfunction,Signal Instability,Inspect or Recalibrate Sensor,1116,18:29.3
7/2/2024 2:18,30.3,38.89,101467,3071,Slowdown,Latency Issue,Slow Response,Optimize Processing Capacity,519,18:29.3
6/6/2024 8:13,33.21,35.09,101489,4061,Slowdown,Latency Issue,Slow Response,Optimize Processing Capacity,508,18:29.3
5/2/2024 2:17,31.29,38.15,101325,3120,Fault,Connection Issue,Network Instability,Check Network Connections,838,18:29.3
7/10/2024 18:44,29.81,38.65,101374,2894,Slowdown,Latency Issue,Slow Response,Optimize Processing Capacity,752,18:29.3
1/1/2024 19:12,27.13,39.31,101383,2719,Normal,None,None,None,320,18:29.3
1/27/2024 20:24,34.82,37.81,101386,4010,Fault,Sensor Malfunction,Signal Instability,Inspect or Recalibrate Sensor,1190,18:29.3
7/15/2024 6:39,29.13,41.18,101433,1455,Normal,None,None,None,300,18:29.3
2/18/2024 4:04,36.99,34.24,101288,3830,Fault,Overheating,High Temperature Alert,Reduce Load or Improve Cooling,877,18:29.3
9/28/2024 6:14,30.24,38.43,101448,2395,Slowdown,Minor Sensor Degradation,Reduced Sensitivity,Recalibrate Sensor,709,18:29.3
6/11/2024 23:01,28.83,37.86,101470,2582,Slowdown,Minor Sensor Degradation,Reduced Sensitivity,Recalibrate Sensor,715,18:29.3
8/10/2024 15:05,29.04,41.15,101323,3175,Slowdown,Latency Issue,Slow Response,Optimize Processing Capacity,707,18:29.3
8/18/2024 13:32,36.17,33.27,101263,3447,Fault,Mechanical Issue,Increased Vibrations,Check Mechanical Components,953,18:29.3
10/30/2024 12:56,31.11,34.44,101361,2166,Slowdown,Latency Issue,Slow Response,Optimize Processing Capacity,696,18:29.3
6/22/2024 16:39,30.06,39.85,101397,3963,Slowdown,Latency Issue,Slow Response,Optimize Processing Capacity,667,18:29.3
8/26/2024 22:49,31.86,35.81,101367,4136,Slowdown,Minor Sensor Degradation,Reduced Sensitivity,Recalibrate Sensor,736,18:29.3
8/1/2024 4:21,35.1,36.53,101335,4195,Fault,Overheating,High Temperature Alert,Reduce Load or Improve Cooling,1135,18:29.3
2/8/2024 16:33,32.78,39.67,101241,4931,Fault,Mechanical Fault,Unusual Noise Detected,Inspect Device Internals,807,18:29.3
4/18/2024 19:29,31.54,37.8,101300,3706,Fault,Sensor Malfunction,Signal Instability,Inspect or Recalibrate Sensor,1290,18:29.3
11/5/2024 15:31,30.13,36.3,101458,1217,Slowdown,Minor Sensor Degradation,Reduced Sensitivity,Recalibrate Sensor,740,18:29.3
9/14/2024 22:26,32.83,35.08,101360,2625,Slowdown,Latency Issue,Slow Response,Optimize Processing Capacity,788,18:29.3
10/14/2024 2:33,31.63,35.32,101259,1885,Fault,Sensor Malfunction,Signal Instability,Inspect or Recalibrate Sensor,904,18:29.3
7/23/2024 15:39,32.75,33.57,101374,3938,Slowdown,Minor Sensor Degradation,Reduced Sensitivity,Recalibrate Sensor,546,18:29.3
3/6/2024 10:06,26.4,36.67,101369,1054,Normal,None,None,None,200,18:29.3
1/2/2024 10:07,34.16,36.77,101430,4130,Fault,Sensor Malfunction,Signal Instability,Inspect or Recalibrate Sensor,1181,18:29.3
5/28/2024 23:34,33.38,34.81,101306,4335,Fault,Sensor Malfunction,Signal Instability,Inspect or Recalibrate Sensor,1228,18:29.3
10/6/2024 1:09,36.17,35.9,101236,3970,Fault,Mechanical Issue,Increased Vibrations,Check Mechanical Components,990,18:29.3
9/15/2024 10:14,28.68,42.55,101415,4374,Slowdown,Latency Issue,Slow Response,Optimize Processing Capacity,604,18:29.3
3/24/2024 5:04,31.45,38.27,101476,4478,Slowdown,Latency Issue,Slow Response,Optimize Processing Capacity,505,18:29.3
3/30/2024 3:11,26.76,38.89,101398,2444,Normal,None,None,None,398,18:29.3
10/14/2024 12:03,30.31,39.12,101431,1705,Slowdown,Latency Issue,Slow Response,Optimize Processing Capacity,644,18:29.3
7/22/2024 14:06,37.03,36.21,101269,3262,Fault,Overheating,High Temperature Alert,Reduce Load or Improve Cooling,855,18:29.3
1/28/2024 10:05,30.3,38.72,101365,4253,Slowdown,Minor Sensor Degradation,Reduced Sensitivity,Recalibrate Sensor,598,18:29.3
3/23/2024 3:28,34.08,39.92,101388,4164,Slowdown,Minor Sensor Degradation,Reduced Sensitivity,Recalibrate Sensor,615,18:29.3
9/30/2024 23:45,33.78,34.78,101395,1852,Slowdown,Latency Issue,Slow Response,Optimize Processing Capacity,789,18:29.3
8/29/2024 23:29,37.14,33.8,101232,4397,Fault,Mechanical Issue,Increased Vibrations,Check Mechanical Components,1188,18:29.3
5/20/2024 12:51,31.06,33.44,101474,4881,Slowdown,Latency Issue,Slow Response,Optimize Processing Capacity,783,18:29.3
1/1/2024 2:50,26.45,35.84,101345,1105,Normal,None,None,None,272,18:29.3
4/24/2024 7:28,27.22,43.73,101418,1493,Normal,None,None,None,215,18:29.3
5/15/2024 16:01,27.8,44.56,101311,1074,Normal,None,None,None,303,18:29.3
3/23/2024 6:51,26.65,43.71,101328,2275,Normal,None,None,None,323,18:29.3
4/8/2024 13:56,35.76,38.05,101385,3784,Fault,Mechanical Issue,Increased Vibrations,Check Mechanical Components,986,18:29.3
6/17/2024 15:29,29.74,37.57,101324,1117,Normal,None,None,None,388,18:29.3
2/28/2024 19:54,34.97,34.5,101407,3140,Fault,Sensor Malfunction,Signal Instability,Inspect or Recalibrate Sensor,1084,18:29.3
10/16/2024 12:00,32.32,34.47,101497,4707,Slowdown,Latency Issue,Slow Response,Optimize Processing Capacity,690,18:29.3
5/27/2024 14:57,28.66,39.8,101429,1895,Normal,None,None,None,277,18:29.3
9/25/2024 17:20,38.49,38.91,101409,3820,Fault,Mechanical Issue,Increased Vibrations,Check Mechanical Components,1100,18:29.3
9/15/2024 18:09,31.12,36.11,101315,3209,Fault,Sensor Malfunction,Signal Instability,Inspect or Recalibrate Sensor,1243,18:29.3
4/15/2024 0:10,29.66,36.62,101332,3778,Slowdown,Latency Issue,Slow Response,Optimize Processing Capacity,724,18:29.3
9/10/2024 11:50,36.71,34.48,101325,1061,Fault,Overheating,High Temperature Alert,Reduce Load or Improve Cooling,888,18:29.3
2/20/2024 9:18,32.23,37.75,101295,2725,Fault,Sensor Malfunction,Signal Instability,Inspect or Recalibrate Sensor,914,18:29.3
9/14/2024 8:58,34.21,33.87,101320,2000,Fault,Sensor Malfunction,Signal Instability,Inspect or Recalibrate Sensor,1128,18:29.3
9/26/2024 12:58,37.85,35.35,101412,1568,Fault,Overheating,High Temperature Alert,Reduce Load or Improve Cooling,1091,18:29.3
7/11/2024 9:57,25.98,44.58,101498,827,Normal,None,None,None,254,18:29.3
3/2/2024 15:27,36.98,38.37,101303,4565,Fault,Mechanical Issue,Increased Vibrations,Check Mechanical Components,1030,18:29.3
4/22/2024 16:19,29.05,41.09,101395,4074,Slowdown,Latency Issue,Slow Response,Optimize Processing Capacity,535,18:29.3
9/30/2024 18:18,32.37,33.31,101431,4723,Fault,Sensor Malfunction,Signal Instability,Inspect or Recalibrate Sensor,999,18:29.3
9/11/2024 5:14,28.03,36.46,101422,1261,Normal,None,None,None,444,18:29.3
3/29/2024 1:21,29.03,35.59,101395,2187,Slowdown,Latency Issue,Slow Response,Optimize Processing Capacity,520,18:29.3
4/8/2024 11:42,31.72,37.3,101401,4058,Slowdown,Latency Issue,Slow Response,Optimize Processing Capacity,684,18:29.3
4/1/2024 14:01,35.59,36.15,101353,4197,Fault,Mechanical Issue,Increased Vibrations,Check Mechanical Components,937,18:29.3
7/24/2024 13:53,29.07,43.99,101440,2210,Normal,None,None,None,456,18:29.3
4/28/2024 20:41,31.02,34.29,101374,1947,Slowdown,Minor Sensor Degradation,Reduced Sensitivity,Recalibrate Sensor,684,18:29.3
3/20/2024 21:36,34.58,33.24,101260,3951,Fault,Sensor Malfunction,Signal Instability,Inspect or Recalibrate Sensor,1231,18:29.3
6/12/2024 6:15,31.77,36.03,101433,1504,Slowdown,Latency Issue,Slow Response,Optimize Processing Capacity,788,18:29.3
3/25/2024 8:50,31.71,35.96,101428,3083,Slowdown,Minor Sensor Degradation,Reduced Sensitivity,Recalibrate Sensor,699,18:29.3
7/5/2024 11:05,34.16,33.04,101331,1533,Fault,Sensor Malfunction,Signal Instability,Inspect or Recalibrate Sensor,1203,18:29.3
10/6/2024 2:00,31.92,37.29,101465,2272,Slowdown,Minor Sensor Degradation,Reduced Sensitivity,Recalibrate Sensor,712,18:29.3
2/10/2024 4:44,30.21,35.54,101307,2570,Slowdown,Minor Sensor Degradation,Reduced Sensitivity,Recalibrate Sensor,515,18:29.3
3/29/2024 19:56,33.2,33.94,101463,4073,Slowdown,Latency Issue,Slow Response,Optimize Processing Capacity,734,18:29.3
11/11/2024 16:36,32.8,39.61,101282,1031,Fault,Mechanical Fault,Unusual Noise Detected,Inspect Device Internals,775,18:29.3
2/26/2024 10:21,30.7,33.3,101383,2555,Slowdown,Latency Issue,Slow Response,Optimize Processing Capacity,765,18:29.3
9/3/2024 11:24,33.9,34.17,101360,4600,Fault,Sensor Malfunction,Signal Instability,Inspect or Recalibrate Sensor,1212,18:29.3
10/2/2024 16:29,35.88,33.7,101358,4989,Fault,Mechanical Issue,Increased Vibrations,Check Mechanical Components,1030,18:29.3
3/29/2024 4:23,28.57,41.95,101394,1821,Slowdown,Latency Issue,Slow Response,Optimize Processing Capacity,795,18:29.3
7/11/2024 13:16,26.72,41.88,101371,905,Normal,None,None,None,342,18:29.3
1/30/2024 5:12,30.07,39.71,101431,2029,Slowdown,Minor Sensor Degradation,Reduced Sensitivity,Recalibrate Sensor,796,18:29.3
9/2/2024 18:13,28.78,35.99,101420,1511,Slowdown,Latency Issue,Slow Response,Optimize Processing Capacity,764,18:29.3
6/13/2024 17:40,28.66,40.89,101332,3537,Slowdown,Latency Issue,Slow Response,Optimize Processing Capacity,534,18:29.3
7/20/2024 19:51,31.02,35.87,101328,3803,Slowdown,Latency Issue,Slow Response,Optimize Processing Capacity,557,18:29.3
1/30/2024 19:49,32.68,39.5,101281,2559,Fault,Connection Issue,Network Instability,Check Network Connections,830,18:29.3
9/9/2024 7:30,32.86,38.06,101417,2700,Slowdown,Minor Sensor Degradation,Reduced Sensitivity,Recalibrate Sensor,626,18:29.3
2/4/2024 0:11,31.32,33.68,101320,2310,Slowdown,Minor Sensor Degradation,Reduced Sensitivity,Recalibrate Sensor,616,18:29.3
2/23/2024 15:13,33.35,37.44,101311,1882,Fault,Sensor Malfunction,Signal Instability,Inspect or Recalibrate Sensor,1211,18:29.3
11/2/2024 0:49,32.55,37.1,101380,3755,Slowdown,Minor Sensor Degradation,Reduced Sensitivity,Recalibrate Sensor,797,18:29.3
9/27/2024 15:01,31.82,37.86,101500,3877,Slowdown,Minor Sensor Degradation,Reduced Sensitivity,Recalibrate Sensor,532,18:29.3
8/3/2024 5:32,29.63,41.91,101409,2827,Slowdown,Minor Sensor Degradation,Reduced Sensitivity,Recalibrate Sensor,640,18:29.3
10/7/2024 14:12,29.87,36.71,101361,2838,Slowdown,Latency Issue,Slow Response,Optimize Processing Capacity,692,18:29.3
8/22/2024 14:56,30.95,35.5,101348,4405,Slowdown,Latency Issue,Slow Response,Optimize Processing Capacity,529,18:29.3
1/21/2024 19:51,34.35,39.68,101357,4918,Fault,Connection Issue,Network Instability,Check Network Connections,825,18:29.3
1/13/2024 4:54,35.65,33.62,101209,3058,Fault,Overheating,High Temperature Alert,Reduce Load or Improve Cooling,1120,18:29.3
9/11/2024 11:17,32.88,34.52,101421,2153,Slowdown,Latency Issue,Slow Response,Optimize Processing Capacity,554,18:29.3
9/24/2024 14:10,28.85,43.2,101473,2089,Normal,None,None,None,326,18:29.3
6/15/2024 12:44,32.43,39.33,101454,4566,Slowdown,Latency Issue,Slow Response,Optimize Processing Capacity,572,18:29.3
7/13/2024 22:51,35.04,37.04,101372,1011,Fault,Overheating,High Temperature Alert,Reduce Load or Improve Cooling,1188,18:29.3
10/23/2024 19:52,31.79,39.4,101477,1963,Slowdown,Minor Sensor Degradation,Reduced Sensitivity,Recalibrate Sensor,599,18:29.3
9/16/2024 17:16,35.83,37.18,101340,1391,Fault,Overheating,High Temperature Alert,Reduce Load or Improve Cooling,910,18:29.3
2/27/2024 21:54,31.06,37.99,101339,1321,Slowdown,Latency Issue,Slow Response,Optimize Processing Capacity,623,18:29.3
2/21/2024 22:51,30.24,38.03,101440,2630,Slowdown,Latency Issue,Slow Response,Optimize Processing Capacity,788,18:29.3
10/3/2024 13:58,25.23,37.9,101411,1203,Normal,None,None,None,223,18:29.3
6/30/2024 10:45,36.05,39.37,101338,1106,Fault,Overheating,High Temperature Alert,Reduce Load or Improve Cooling,1032,18:29.3
9/11/2024 15:23,34.93,33.47,101226,4753,Fault,Sensor Malfunction,Signal Instability,Inspect or Recalibrate Sensor,933,18:29.3
5/7/2024 23:32,31.94,36.9,101250,2063,Fault,Sensor Malfunction,Signal Instability,Inspect or Recalibrate Sensor,1185,18:29.3
1/30/2024 19:12,34.02,33.07,101343,4485,Slowdown,Minor Sensor Degradation,Reduced Sensitivity,Recalibrate Sensor,758,18:29.3
2/17/2024 5:09,31.69,38.86,101369,3507,Fault,Connection Issue,Network Instability,Check Network Connections,882,18:29.3
6/4/2024 0:53,32.24,34.38,101319,2659,Slowdown,Latency Issue,Slow Response,Optimize Processing Capacity,679,18:29.3
1/23/2024 6:16,33.19,33.37,101312,3545,Fault,Sensor Malfunction,Signal Instability,Inspect or Recalibrate Sensor,1249,18:29.3
9/5/2024 16:37,29.83,44.02,101371,1147,Normal,None,None,None,320,18:29.3
3/28/2024 10:42,29.57,37.06,101481,1438,Normal,None,None,None,406,18:29.3
3/31/2024 8:18,28.71,43.85,101326,2357,Normal,None,None,None,285,18:29.3
7/29/2024 19:07,35.99,33.84,101348,4829,Fault,Overheating,High Temperature Alert,Reduce Load or Improve Cooling,860,18:29.3
8/4/2024 21:51,35.01,38.26,101390,3344,Fault,Overheating,High Temperature Alert,Reduce Load or Improve Cooling,1002,18:29.3
6/27/2024 10:52,36.91,36.86,101221,4767,Fault,Overheating,High Temperature Alert,Reduce Load or Improve Cooling,1045,18:29.3
9/12/2024 16:04,33.15,34.46,101248,1758,Fault,Sensor Malfunction,Signal Instability,Inspect or Recalibrate Sensor,1018,18:29.3
3/24/2024 15:38,31.45,33.57,101332,1799,Slowdown,Latency Issue,Slow Response,Optimize Processing Capacity,726,18:29.3
3/17/2024 12:34,31.34,35.37,101342,3527,Slowdown,Latency Issue,Slow Response,Optimize Processing Capacity,754,18:29.3
3/22/2024 1:33,31.6,37.07,101465,4676,Slowdown,Minor Sensor Degradation,Reduced Sensitivity,Recalibrate Sensor,762,18:29.3
11/2/2024 22:45,29.2,36.38,101335,2007,Normal,None,None,None,217,18:29.3
3/6/2024 13:58,33.79,34.64,101383,4080,Fault,Sensor Malfunction,Signal Instability,Inspect or Recalibrate Sensor,955,18:29.3
2/21/2024 17:16,33.13,34.98,101376,4689,Fault,Sensor Malfunction,Signal Instability,Inspect or Recalibrate Sensor,970,18:29.3
7/13/2024 7:26,28.29,43.32,101396,3601,Slowdown,Latency Issue,Slow Response,Optimize Processing Capacity,738,18:29.3
4/28/2024 2:37,34.93,33.56,101370,2145,Fault,Sensor Malfunction,Signal Instability,Inspect or Recalibrate Sensor,1089,18:29.3
6/4/2024 23:29,33.7,36.52,101448,2372,Slowdown,Latency Issue,Slow Response,Optimize Processing Capacity,672,18:29.3
11/5/2024 18:47,33.29,37.5,101426,1774,Slowdown,Latency Issue,Slow Response,Optimize Processing Capacity,544,18:29.3
9/25/2024 3:44,30.77,38.26,101325,2102,Slowdown,Minor Sensor Degradation,Reduced Sensitivity,Recalibrate Sensor,736,18:29.3
3/7/2024 7:09,30.25,38.9,101314,3327,Slowdown,Minor Sensor Degradation,Reduced Sensitivity,Recalibrate Sensor,654,18:29.3
5/5/2024 15:31,31.51,36.55,101455,2713,Slowdown,Latency Issue,Slow Response,Optimize Processing Capacity,571,18:29.3
1/22/2024 8:11,37.35,38.32,101239,2079,Fault,Overheating,High Temperature Alert,Reduce Load or Improve Cooling,987,18:29.3
8/1/2024 19:38,25.38,40.2,101355,1448,Normal,None,None,None,387,18:29.3
10/25/2024 11:38,28.22,37.34,101421,4797,Slowdown,Latency Issue,Slow Response,Optimize Processing Capacity,630,18:29.3
9/12/2024 8:26,37.46,38.25,101407,2120,Fault,Mechanical Issue,Increased Vibrations,Check Mechanical Components,983,18:29.3
10/8/2024 7:13,27.23,43.67,101478,2027,Normal,None,None,None,354,18:29.3
4/17/2024 8:24,28.99,37.22,101324,2198,Normal,None,None,None,372,18:29.3
9/4/2024 0:20,32.42,38.7,101468,4779,Slowdown,Latency Issue,Slow Response,Optimize Processing Capacity,508,18:29.3
7/20/2024 12:17,27.3,36.02,101356,1286,Normal,None,None,None,283,18:29.3
5/4/2024 5:17,31.03,35.13,101334,3317,Slowdown,Minor Sensor Degradation,Reduced Sensitivity,Recalibrate Sensor,756,18:29.3
1/19/2024 12:25,29.37,37.48,101461,3945,Slowdown,Minor Sensor Degradation,Reduced Sensitivity,Recalibrate Sensor,669,18:29.3
11/7/2024 8:38,27.72,42.35,101456,1787,Normal,None,None,None,479,18:29.3
10/22/2024 23:31,31.16,34.92,101308,3831,Fault,Sensor Malfunction,Signal Instability,Inspect or Recalibrate Sensor,1212,18:29.3
3/12/2024 21:29,36.79,35.75,101365,2880,Fault,Mechanical Issue,Increased Vibrations,Check Mechanical Components,1124,18:29.3
8/2/2024 17:50,31.31,33.46,101253,4903,Fault,Sensor Malfunction,Signal Instability,Inspect or Recalibrate Sensor,1171,18:29.3
8/18/2024 21:21,30.07,36.03,101322,3521,Slowdown,Latency Issue,Slow Response,Optimize Processing Capacity,594,18:29.3
4/12/2024 14:30,33.57,36,101475,951,Slowdown,Latency Issue,Slow Response,Optimize Processing Capacity,656,18:29.3
8/2/2024 5:13,32.18,37.32,101275,4955,Fault,Sensor Malfunction,Signal Instability,Inspect or Recalibrate Sensor,1273,18:29.3
10/5/2024 21:06,33.61,38.02,101494,1016,Slowdown,Latency Issue,Slow Response,Optimize Processing Capacity,774,18:29.3
9/27/2024 12:08,34.51,36.65,101268,2804,Fault,Sensor Malfunction,Signal Instability,Inspect or Recalibrate Sensor,1059,18:29.3
6/30/2024 6:33,25.18,41.14,101324,1477,Normal,None,None,None,233,18:29.3
4/14/2024 23:12,36.24,34.39,101330,3660,Fault,Mechanical Issue,Increased Vibrations,Check Mechanical Components,1116,18:29.3
10/29/2024 0:38,32.53,39.04,101495,4792,Slowdown,Latency Issue,Slow Response,Optimize Processing Capacity,696,18:29.3
10/27/2024 12:03,28.96,42.99,101481,2543,Slowdown,Latency Issue,Slow Response,Optimize Processing Capacity,675,18:29.3
9/16/2024 22:48,38.15,35.13,101284,4954,Fault,Mechanical Issue,Increased Vibrations,Check Mechanical Components,1051,18:29.3
3/20/2024 6:28,29.08,35.65,101300,916,Slowdown,Latency Issue,Slow Response,Optimize Processing Capacity,506,18:29.3
8/24/2024 12:54,38.61,37.65,101348,1671,Fault,Mechanical Issue,Increased Vibrations,Check Mechanical Components,998,18:29.3
5/25/2024 21:11,30.04,39.84,101399,4888,Slowdown,Latency Issue,Slow Response,Optimize Processing Capacity,628,18:29.3
1/24/2024 20:58,29.42,36.82,101451,2342,Slowdown,Latency Issue,Slow Response,Optimize Processing Capacity,799,18:29.3
8/1/2024 10:50,26.57,35.14,101381,1917,Normal,None,None,None,495,18:29.3
6/13/2024 22:00,29.62,38.72,101367,1277,Slowdown,Latency Issue,Slow Response,Optimize Processing Capacity,512,18:29.3
2/4/2024 15:56,33.41,39.45,101499,3550,Slowdown,Minor Sensor Degradation,Reduced Sensitivity,Recalibrate Sensor,749,18:29.3
8/26/2024 0:14,35.24,37.23,101328,4548,Fault,Overheating,High Temperature Alert,Reduce Load or Improve Cooling,1112,18:29.3
1/1/2024 19:47,34.62,39.21,101357,1153,Fault,Connection Issue,Network Instability,Check Network Connections,787,18:29.3
8/28/2024 23:18,30.89,35.36,101308,3418,Slowdown,Minor Sensor Degradation,Reduced Sensitivity,Recalibrate Sensor,649,18:29.3
5/23/2024 15:58,37.63,34.19,101382,3764,Fault,Overheating,High Temperature Alert,Reduce Load or Improve Cooling,853,18:29.3
6/28/2024 13:28,36.27,39.03,101391,1853,Fault,Overheating,High Temperature Alert,Reduce Load or Improve Cooling,885,18:29.3
11/10/2024 1:38,31.06,39.81,101329,4073,Slowdown,Latency Issue,Slow Response,Optimize Processing Capacity,721,18:29.3
3/18/2024 3:59,35.97,35.96,101239,1213,Fault,Overheating,High Temperature Alert,Reduce Load or Improve Cooling,1024,18:29.3
10/25/2024 9:17,27.13,37.07,101490,2879,Normal,None,None,None,470,18:29.3
5/29/2024 9:26,30.24,36.68,101332,4824,Slowdown,Minor Sensor Degradation,Reduced Sensitivity,Recalibrate Sensor,635,18:29.3
2/27/2024 13:03,32.55,33.8,101404,3407,Slowdown,Latency Issue,Slow Response,Optimize Processing Capacity,762,18:29.3
8/8/2024 20:42,33.08,37.67,101408,4470,Slowdown,Latency Issue,Slow Response,Optimize Processing Capacity,721,18:29.3
4/23/2024 22:35,25.11,40.1,101462,2579,Normal,None,None,None,295,18:29.3
10/11/2024 4:57,37.73,34.94,101207,4639,Fault,Overheating,High Temperature Alert,Reduce Load or Improve Cooling,967,18:29.3
3/5/2024 12:42,32.01,35.88,101366,2650,Slowdown,Latency Issue,Slow Response,Optimize Processing Capacity,626,18:29.3
7/16/2024 22:38,32.62,38.88,101429,3410,Slowdown,Latency Issue,Slow Response,Optimize Processing Capacity,508,18:29.3
1/17/2024 11:21,30.36,33.88,101367,3467,Slowdown,Latency Issue,Slow Response,Optimize Processing Capacity,758,18:29.3
3/21/2024 18:05,29.84,38,101307,2964,Slowdown,Latency Issue,Slow Response,Optimize Processing Capacity,545,18:29.3
8/3/2024 23:41,38.47,36.64,101398,3020,Fault,Mechanical Issue,Increased Vibrations,Check Mechanical Components,894,18:29.3
5/3/2024 0:45,26.37,41.24,101479,1497,Normal,None,None,None,446,18:29.3
4/9/2024 17:50,32.92,36.77,101368,1300,Fault,Sensor Malfunction,Signal Instability,Inspect or Recalibrate Sensor,908,18:29.3
10/2/2024 9:00,31.69,35.45,101446,1679,Slowdown,Minor Sensor Degradation,Reduced Sensitivity,Recalibrate Sensor,661,18:29.3
5/4/2024 10:30,33.3,35.69,101317,4001,Fault,Sensor Malfunction,Signal Instability,Inspect or Recalibrate Sensor,1217,18:29.3
6/15/2024 16:37,29.82,44.13,101368,908,Slowdown,Latency Issue,Slow Response,Optimize Processing Capacity,697,18:29.3
2/20/2024 20:44,25.47,36.01,101451,1132,Normal,None,None,None,469,18:29.3
10/30/2024 15:33,31.06,33.76,101239,4513,Fault,Sensor Malfunction,Signal Instability,Inspect or Recalibrate Sensor,1273,18:29.3
10/14/2024 9:47,33.25,37.29,101434,3242,Slowdown,Latency Issue,Slow Response,Optimize Processing Capacity,632,18:29.3
7/15/2024 15:06,35.07,34.01,101396,4888,Fault,Overheating,High Temperature Alert,Reduce Load or Improve Cooling,1140,18:29.3
9/14/2024 4:00,33.62,33.6,101344,4399,Fault,Sensor Malfunction,Signal Instability,Inspect or Recalibrate Sensor,1010,18:29.3
5/2/2024 15:06,31.03,35.66,101353,3762,Slowdown,Minor Sensor Degradation,Reduced Sensitivity,Recalibrate Sensor,587,18:29.3
7/19/2024 5:04,31.17,34.09,101471,1227,Slowdown,Minor Sensor Degradation,Reduced Sensitivity,Recalibrate Sensor,510,18:29.3
8/19/2024 5:41,30.57,35.98,101363,1129,Slowdown,Latency Issue,Slow Response,Optimize Processing Capacity,749,18:29.3
2/5/2024 8:49,34.45,33.79,101252,2873,Fault,Sensor Malfunction,Signal Instability,Inspect or Recalibrate Sensor,1065,18:29.3
6/20/2024 8:39,27.95,43.29,101307,3548,Slowdown,Latency Issue,Slow Response,Optimize Processing Capacity,689,18:29.3
3/22/2024 2:58,32.4,34.28,101261,4744,Fault,Sensor Malfunction,Signal Instability,Inspect or Recalibrate Sensor,1050,18:29.3
5/21/2024 12:18,33.79,38.6,101385,4632,Fault,Mechanical Fault,Unusual Noise Detected,Inspect Device Internals,846,18:29.3
